<?xml version="1.0" encoding="us-ascii"?>
<MsgList>

	<MSG policy="norecv">
				
		<Description>Read Default Tx link created from Advertisemnts in DUT</Description>
		<RFNode>RF_test_point1</RFNode>
		<Type>TX_RF</Type>
		<MsgNo>14</MsgNo>
		<APDU>05 44 01 02  04 00 2A 00 01</APDU>
		<TLEncrypt>0</TLEncrypt>
		<Priority>0</Priority>
		<DiscardEligible>1</DiscardEligible>
		<ECN>1</ECN>
		<IPv6Src addr="{SS_IPV6Add_PORT}" port="61617" />
		<IPv6Dst addr="{DUT1_IPV6Add}" port="61616" />
		<ContractID>1</ContractID>
		<UDPCompression>239</UDPCompression>
		<NLHdr>7D77</NLHdr>
		<LinkMsg>14</LinkMsg>
		<DLLHdr>" "</DLLHdr>
	</MSG>

	<MSG policy="nomatchdrop">
		<Wait timeout="30">
			<Match type="RX_RF" layer="APP" offset="0" size="6">854401</Match>
			<Match type="RX_RF" layer="APP" offset="8" size="2">00</Match>

		</Wait>

		<Description>Read Default Rx link created from Advertisemnts in DUT </Description>
		<RFNode>RF_test_point1</RFNode>
		<Type>TX_RF</Type>
		<MsgNo>14</MsgNo>
		<APDU>05 44 02 02  04 00 2A 00 02</APDU>
		<TLEncrypt>0</TLEncrypt>
		<Priority>0</Priority>
		<DiscardEligible>1</DiscardEligible>
		<ECN>1</ECN>
		<IPv6Src addr="{SS_IPV6Add_PORT}" port="61617" />
		<IPv6Dst addr="{DUT1_IPV6Add}" port="61616" />
		<ContractID>1</ContractID>
		<UDPCompression>239</UDPCompression>
		<NLHdr>7D77</NLHdr>
		<LinkMsg>14</LinkMsg>
		<DLLHdr>" "</DLLHdr>
	</MSG>


	<MSG policy="nomatchdrop">
		<Wait timeout="30">
			<Match type="RX_RF" layer="APP" offset="0" size="6">854402</Match>
			<Match type="RX_RF" layer="APP" offset="8" size="2">00</Match>

		</Wait>
		<Description>Read Default ADV Tx link created from Advertisemnts in DUT </Description>
		<RFNode>RF_test_point1</RFNode>
		<Type>TX_RF</Type>
		<MsgNo>14</MsgNo>
		<APDU>05 44 03 02  04 00 2A 00 03</APDU>
		<TLEncrypt>0</TLEncrypt>
		<Priority>0</Priority>
		<DiscardEligible>1</DiscardEligible>
		<ECN>1</ECN>
		<IPv6Src addr="{SS_IPV6Add_PORT}" port="61617" />
		<IPv6Dst addr="{DUT1_IPV6Add}" port="61616" />
		<ContractID>1</ContractID>
		<UDPCompression>239</UDPCompression>
		<NLHdr>7D77</NLHdr>
		<LinkMsg>14</LinkMsg>
		<DLLHdr>" "</DLLHdr>
	</MSG>

	<MSG policy="nomatchdrop|nosend">
		<Wait timeout="30">
			<Match type="RX_RF" layer="APP" offset="0" size="6">854403</Match>
			<Match type="RX_RF" layer="APP" offset="8" size="2">00</Match>

		</Wait>
		<Description> Wait for response</Description>
		<RFNode>RF_test_point1</RFNode>
		<Type>TX_RF</Type>
		<MsgNo>14</MsgNo>
		<APDU>""</APDU>
		<TLEncrypt>0</TLEncrypt>
		<Priority>0</Priority>
		<DiscardEligible>1</DiscardEligible>
		<ECN>1</ECN>
		<IPv6Src addr="{SS_IPV6Add_PORT}" port="61617" />
		<IPv6Dst addr="{DUT1_IPV6Add}" port="61616" />
		<ContractID>1</ContractID>
		<UDPCompression>239</UDPCompression>
		<NLHdr>7D77</NLHdr>
		<LinkMsg>14</LinkMsg>
		<DLLHdr>" "</DLLHdr>
	</MSG>

	
	

</MsgList>
