<?xml version="1.0" encoding="us-ascii"?>
<MsgList>

	<MSG policy="norecv">
		<Description>Reset Device to Factory Defaults</Description>
		<RFNode>RF_test_point1</RFNode>
		<Type>TX_RF</Type>
		<MsgNo>1</MsgNo>
		<APDU>04 51 00 0D 01 04</APDU>
		<TLEncrypt>0</TLEncrypt>
		<Priority>0</Priority>
		<DiscardEligible>1</DiscardEligible>
		<ECN>1</ECN>
		<IPv6Src addr="{SS_IPV6Add_PORT}" port="61617" />
		<IPv6Dst addr="{DUT1_IPV6Add}" port="61616" />
		<ContractID>1</ContractID>
		<UDPCompression>239</UDPCompression>
		<NLHdr>7D77</NLHdr>
		<LinkMsg>1</LinkMsg>
		<DLLHdr>" "</DLLHdr>
	</MSG>
	<MSG policy="wait|nosend">
		<Wait timeout="10">
			<Match type="RX_RF" layer="APP" offset="0" size="6">841500</Match>
			<Match type="RX_RF" layer="APP" offset="8" size="2">00</Match>
		</Wait>
		<Description>End</Description>
		<RFNode>RF_test_point1</RFNode>
		<Type>TX_RF</Type>
		<MsgNo>1</MsgNo>
		<APDU>" "</APDU>
		<TLEncrypt>0</TLEncrypt>
		<Priority>0</Priority>
		<DiscardEligible>1</DiscardEligible>
		<ECN>1</ECN>
		<IPv6Src addr="{SS_IPV6Add_PORT}" port="61617" />
		<IPv6Dst addr="{DUT1_IPV6Add}" port="61616" />
		<ContractID>1</ContractID>
		<UDPCompression>239</UDPCompression>
		<NLHdr>7D77</NLHdr>
		<LinkMsg>1</LinkMsg>
		<DLLHdr>" "</DLLHdr>
	</MSG>

</MsgList>
