<?xml version="1.0" encoding="us-ascii"?>
<MsgList>
	 <MSG policy="norecv">
                 <Description>Provide SubnetID of D-BBR to 0x0001</Description>
                <RFNode>RF_test_point1</RFNode>
                <Type>TX_CFG</Type>
                <MsgNo>01</MsgNo>
                <APDU>24 04 81 01 02 02 0001</APDU>
        </MSG>
	<MSG policy="nomatchdrop">
		<Wait timeout="30">
			<Match type="RX_CFG" layer="APP" offset="0" size="4">A481</Match>
			<Match type="RX_CFG" layer="APP" offset="10" size="2">00</Match>
		</Wait>
		<Description>Provide TargetID of D-BBR to 0x0001</Description>
		<RFNode>RF_test_point1</RFNode>
		<Type>TX_CFG</Type>
		<MsgNo>02</MsgNo>
		<APDU>24 04 81 01 04 02 0001</APDU>
	</MSG>

	<MSG policy="nomatchdrop">
		<Wait timeout="30">
			<Match type="RX_CFG" layer="APP" offset="0" size="4">A481</Match>
			<Match type="RX_CFG" layer="APP" offset="10" size="2">00</Match>
		</Wait>
		<Description>Provide Join key as ISA100.11a Global Key 00490053004100200031003000300000</Description>
		<RFNode>RF_test_point1</RFNode>
		<Type>TX_CFG</Type>
		<MsgNo>03</MsgNo>
		<APDU>24 04 81 01 05 10 00490053004100200031003000300000</APDU>
	</MSG>

	
	<MSG policy="nomatchdrop">
		<Wait timeout="30">
			<Match type="RX_CFG" layer="APP" offset="0" size="4">A481</Match>
			<Match type="RX_CFG" layer="APP" offset="10" size="2">00</Match>
		</Wait>
		<Description>Provide Security Manager EUI64 as FFFFFFFFFFFFFFFF</Description>
		<RFNode>RF_test_point1</RFNode>
		<Type>TX_CFG</Type>
		<MsgNo>06</MsgNo>
		<APDU>24 04 81 01 08 08 FFFFFFFFFFFFFFFF</APDU>
	</MSG>
	<MSG policy="nosend|nomatchdrop">
		<Wait timeout="30">
			<Match type="RX_CFG" layer="APP" offset="0" size="4">A481</Match>
			<Match type="RX_CFG" layer="APP" offset="10" size="2">00</Match>
		</Wait>
		<Description>BBR config end</Description>
		<RFNode>RF_test_point1</RFNode>
		<Type>TX_CFG</Type>
		<MsgNo>07</MsgNo>
		<APDU>" "</APDU>
	</MSG>




</MsgList>
