<?xml version="1.0" encoding="us-ascii"?>
<MsgList>

	<MSG policy="norecv">
		<Description>WARM Reset D-BBR</Description>
		<Type>TX_CFG</Type>
		<MsgNo>1</MsgNo>
		<RFNode>RF_test_point1</RFNode>
		<APDU>04 51 00 0D 01 02</APDU>
	</MSG>

	<MSG policy="nosend|nomatchdrop">
		<Wait timeout="30">
			<Match type="RX_CFG" layer="APP" offset="0" size="6">841500</Match>
			<Match type="RX_CFG" layer="APP" offset="8" size="2">00</Match>
		</Wait>
		<Description>Read Stack reset response</Description>
		<RFNode>RF_test_point1</RFNode>
		<Type>RX_CFG</Type>
		<MsgNo>2</MsgNo>
	</MSG>

	<MSG policy="nomatchdrop">
		<Wait timeout="30">
			<Match type="RX_ERR" layer="APP" offset="0" size="11">Stack reset</Match>
		</Wait>

		<Description>Provide TL session key between SS and D-BBR</Description>
		<RFNode>RF_test_point1</RFNode>
		<Type>TX_CFG</Type>
		<MsgNo>3</MsgNo>
		<APDU>05 63 00 01 3E 27000000FF00 F0B0 {SS_EUI64Add} {SS_IPV6Add_PORT} F0B1 010D00610D1F5100 000102030405060708090A0B0C0D0E0F 00000000</APDU>
	</MSG>

	<MSG policy="nomatchdrop">
		<Wait timeout="30">
			<Match type="RX_CFG" layer="APP" offset="0" size="4">8536</Match>
			<Match type="RX_CFG" layer="APP" offset="8" size="2">00</Match>
		</Wait>
		<Description>Provide DLL Key</Description>
		<RFNode>RF_test_point1</RFNode>
		<Type>TX_CFG</Type>
		<MsgNo>4</MsgNo>
		<APDU>05 63 00 01 22 23000000 FF00 010D00610D1F51 01 101112131415161718191A1B1C1D1E1F0 0000000</APDU>
	</MSG>

	<MSG policy="nomatchdrop">
		<Wait timeout="30">
			<Match type="RX_CFG" layer="APP" offset="0" size="4">8536</Match>
			<Match type="RX_CFG" layer="APP" offset="8" size="2">00</Match>
		</Wait>
		<Description>Create Super frame in D-BBR  to send Advertisements</Description>
		<RFNode>RF_test_point1</RFNode>
		<Type>TX_CFG</Type>
		<MsgNo>5</MsgNo>
		<APDU>05 44 00 03 13 0025 00000000 0002 04 28E0 06 00 00 0019 0000 04</APDU>
        </MSG> 
	<MSG policy="nomatchdrop">
		<Wait timeout="30">
			<Match type="RX_CFG" layer="APP" offset="0" size="4">8544</Match>
			<Match type="RX_CFG" layer="APP" offset="8" size="2">00</Match>
		</Wait>
		<Description>Create 1st Advertisement Tx link in D-BBR</Description>
		<RFNode>RF_test_point1</RFNode>
		<Type>TX_CFG</Type>
		<MsgNo>7</MsgNo>
		<APDU>05 44 02 03 0E 002A 00000000 0001 02 04 84 04 00 02</APDU>
	</MSG>

	<MSG policy="nomatchdrop">
		<Wait timeout="30">
			<Match type="RX_CFG" layer="APP" offset="0" size="4">8544</Match>
			<Match type="RX_CFG" layer="APP" offset="8" size="2">00</Match>
		</Wait>
		<Description>Create 2nd Advertisement Tx link in D-BBR</Description>
		<RFNode>RF_test_point1</RFNode>
		<Type>TX_CFG</Type>
		<MsgNo>7</MsgNo>
		<APDU>05 44 02 03 0E 002A 00000000 0021 42 04 84 04 00 0A</APDU>
	</MSG>
		
	<MSG policy="nomatchdrop">
		<Wait timeout="30">
			<Match type="RX_CFG" layer="APP" offset="0" size="4">8544</Match>
			<Match type="RX_CFG" layer="APP" offset="8" size="2">00</Match>
		</Wait>
		<Description>Create 3rd Advertisement Tx link in D-BBR</Description>
		<RFNode>RF_test_point1</RFNode>
		<Type>TX_CFG</Type>
		<MsgNo>7</MsgNo>
		<APDU>05 44 02 03 0E 002A 00000000 0022 44 04 84 04 00 08</APDU>
	</MSG>
		<MSG policy="nomatchdrop">
		<Wait timeout="30">
			<Match type="RX_CFG" layer="APP" offset="0" size="4">8544</Match>
			<Match type="RX_CFG" layer="APP" offset="8" size="2">00</Match>
		</Wait>
		<Description>Create 4th Advertisement Tx link in D-BBR</Description>
		<RFNode>RF_test_point1</RFNode>
		<Type>TX_CFG</Type>
		<MsgNo>7</MsgNo>
		<APDU>05 44 02 03 0E 002A 00000000 0023 46 04 84 04 00 0C</APDU>
	</MSG>
	
	<MSG policy="nomatchdrop">
		<Wait timeout="30">
			<Match type="RX_CFG" layer="APP" offset="0" size="4">8544</Match>
			<Match type="RX_CFG" layer="APP" offset="8" size="2">00</Match>
		</Wait>
		<Description>Create 5th Advertisement Tx link in D-BBR</Description>
		<RFNode>RF_test_point1</RFNode>
		<Type>TX_CFG</Type>
		<MsgNo>7</MsgNo>
		<APDU>05 44 02 03 0E 002A 00000000 0024 48 04 84 04 00 0E</APDU>
	</MSG>
	<MSG policy="nomatchdrop">
		<Wait timeout="30">
			<Match type="RX_CFG" layer="APP" offset="0" size="4">8544</Match>
			<Match type="RX_CFG" layer="APP" offset="8" size="2">00</Match>
		</Wait>
		<Description>Create TX join Response Link in D-BBR</Description>
		<RFNode>RF_test_point1</RFNode>
		<Type>TX_CFG</Type>
		<MsgNo>8</MsgNo>
		<APDU>05 44 03 03 0E 002A 00000000 0002 04 04 82 04 00 04</APDU>
	</MSG>

	<MSG>
		<Wait timeout="30">
			<Match type="RX_CFG" layer="APP" offset="0" size="4">8544</Match>
			<Match type="RX_CFG" layer="APP" offset="8" size="2">00</Match>
		</Wait>
		<Description>Create Rx join Request Link in D-BBR</Description>
		<RFNode>RF_test_point1</RFNode>
		<Type>TX_CFG</Type>
		<MsgNo>9</MsgNo>
		<APDU>05 44 04 03 0E 002A 00000000 0003 06 04 40 02 00 06</APDU>
	</MSG>


	<MSG>
		<Wait timeout="30">
			<Match type="RX_CFG" layer="APP" offset="0" size="4">8544</Match>
			<Match type="RX_CFG" layer="APP" offset="8" size="2">00</Match>
		</Wait>
		<Description>Set dlmo11a.AdvJoinInfo in D-BBR</Description>
		<RFNode>RF_test_point1</RFNode>
		<Type>TX_CFG</Type>
		<MsgNo>14</MsgNo>
		<APDU>04 44 09 02 05 17 08 06 04 02</APDU>
	</MSG>

	<MSG>
		<Wait timeout="30">
			<Match type="RX_CFG" layer="APP" offset="0" size="4">8444</Match>
			<Match type="RX_CFG" layer="APP" offset="8" size="2">00</Match>
		</Wait>
		<Description>Set Dlmo11a.AdvSuperframe in D-BBR</Description>
		<RFNode>RF_test_point1</RFNode>
		<Type>TX_CFG</Type>
		<MsgNo>15</MsgNo>
		<APDU>04 44 0A 03 02 0002</APDU>
	</MSG>


	<MSG>
		<Wait timeout="30">
			<Match type="RX_CFG" layer="APP" offset="0" size="4">8444</Match>
			<Match type="RX_CFG" layer="APP" offset="8" size="2">00</Match>
		</Wait>
		<Description>Set ATT table for SS in D-BBR</Description>
		<RFNode>RF_test_point1</RFNode>
		<Type>TX_CFG</Type>
		<MsgNo>17</MsgNo>
		<APDU>05 45 0D 07 28 000900000000 {SS_IPV6Add_PORT} {SS_IPV6Add_PORT} {SS_16BITAdd}</APDU>
	</MSG>

	<MSG policy="nomatchdrop">
		<Wait timeout="30">
			<Match type="RX_CFG" layer="APP" offset="0" size="4">8554</Match>
			<Match type="RX_CFG" layer="APP" offset="8" size="2">00</Match>
		</Wait>
		<Description>Set Logging Level in D-BBR to 1</Description>
		<RFNode>RF_test_point1</RFNode>
		<Type>TX_CFG</Type>
		<MsgNo>18</MsgNo>
		<APDU>24 04 81 01 18 01 01</APDU>
	</MSG>
	
	<MSG policy="nomatchdrop|nosend">
		<Wait timeout="30">
			<Match type="RX_CFG" layer="APP" offset="0" size="4">A481</Match>
			<Match type="RX_CFG" layer="APP" offset="10" size="2">00</Match>
		</Wait>
		<Description>BBR config end</Description>
		<RFNode>RF_test_point1</RFNode>
		<Type>TX_CFG</Type>
		<MsgNo>18</MsgNo>
		<APDU>" "</APDU>
	</MSG>

</MsgList>
