<?xml version="1.0" encoding="us-ascii"?>
<MsgList>

	<MSG policy="nomatchdrop">
		<Wait timeout="300">
			<Match type="RX_RF" layer="APP" offset="0" size="4">0511</Match>
			<Match type="RX_RF" layer="APP" offset="6" size="4">051E</Match>
			<Match type="RX_RF" layer="APP" offset="10" size="16">{DUT1_EUI64Add}</Match>
		</Wait>
		<Modify>
			<Copy size="66">
				<Src layer="APP" offset="4" />
				<Dst layer="OrigAPP" offset="4" />
			</Copy>
			<Copy size="2">
				<Src layer="APP" offset="4" />
				<Dst layer="APP" offset="4" />
			</Copy>
		</Modify>
		<Description>DUT should send DMO.Proxy-Security-Sym-JoinRequest JoinRequest and  D- BBR will send DMO.Proxy-Security-Sym-JoinResponse </Description>
		<RFNode>RF_test_point1</RFNode>
		<Type>TX_RSP</Type>
		<MsgNo>1</MsgNo>
		<APDU>8511xx CD 00 47 00000000000000000000000000000000 00000000000000000000000000000000 FFFF 00FF 0000 01 101112131415161718191A1B1C1D1E1F 00000000000000000000000000000000</APDU>
		<TLEncrypt>0</TLEncrypt>
		<Priority>0</Priority>
		<DiscardEligible>1</DiscardEligible>
		<ECN>1</ECN>
		<IPv6Src addr="{BBR1_IPV6Add}" port="61616" />
		<IPv6Dst addr="{DUT1_IPV6Add}" port="61616" />
		<ContractID>1</ContractID>
		<UDPCompression>239</UDPCompression>
		<NLHdr>7D77</NLHdr>
		<LinkMsg>1</LinkMsg>
		<DLLHdr>{DUT1_EUI64Add}</DLLHdr>
		<OrigAPDU>0511xx051E4202030405060B402A55BE6F530D0218A2BE0E6113F29742000142EB2C35</OrigAPDU>
		<OrigTL>" "</OrigTL>
		<OrigNL>7D77</OrigNL>
		<OrigDL>41D8010A0001BB400B060504030242C40D0087100100000376</OrigDL>
	</MSG>

	<MSG policy="nomatchdrop">
		<Wait timeout="30">
			<Match type="RX_RF" layer="APP" offset="0" size="4">0511</Match>
			<Match type="RX_RF" layer="APP" offset="6" size="2">03</Match>
			<Match type="RX_RF" layer="APP" offset="10" size="16">{DUT1_EUI64Add}</Match>
		</Wait>
		<Modify>
			<Copy size="98">
				<Src layer="APP" offset="0" />
				<Dst layer="OrigAPP" offset="0" />
			</Copy>
			<Copy size="2">
				<Src layer="APP" offset="4" />
				<Dst layer="APP" offset="4" />
			</Copy>
		</Modify>
		<Description>DUT will send DMO Proxy-System-Manager-JoinRequest and D-BBR will send DMO Proxy-System-Manager-JoinResponse to DUT</Description>
		<RFNode>RF_test_point1</RFNode>
		<Type>TX_RSP</Type>
		<MsgNo>2</MsgNo>
		<APDU>8511xx CD 00 2E {DUT1_IPV6Add} {DUT1_16BITAdd} {Device_Role} {SS_IPV6Add_PORT} {SS_16BITAdd}{SS_EUI64Add}</APDU>
		<TLEncrypt>0</TLEncrypt>
		<Priority>0</Priority>
		<DiscardEligible>1</DiscardEligible>
		<ECN>1</ECN>
		<IPv6Src addr="{BBR1_IPV6Add}" port="61616" />
		<IPv6Dst addr="{DUT1_IPV6Add}" port="61616" />
		<ContractID>1</ContractID>
		<UDPCompression>239</UDPCompression>
		<NLHdr>7D77</NLHdr>
		<LinkMsg>2</LinkMsg>
		<DLLHdr>{DUT1_EUI64Add}</DLLHdr>
		<OrigAPDU>0511xx032C4202030405060B4000020002100000000000000000000000000000000000000C7665725F30332E30302E3032</OrigAPDU>
		<OrigTL>" "</OrigTL>
		<OrigNL>7D77</OrigNL>
		<OrigDL>" "</OrigDL>
	</MSG>

	<MSG policy="nomatchdrop">
		<Wait timeout="30">
			<Match type="RX_RF" layer="APP" offset="0" size="4">0511</Match>
			<Match type="RX_RF" layer="APP" offset="6" size="4">0408</Match>
			<Match type="RX_RF" layer="APP" offset="10" size="16">{DUT1_EUI64Add}</Match>
		</Wait>
		<Modify>
			<Save id="ContractJoinReq" />
		</Modify>
		<Description>DUT will send Contract Request Message and Add DUT as neighbor to D-BBR</Description>
		<RFNode>RF_test_point1</RFNode>
		<Type>TX_CFG</Type>
		<MsgNo>3</MsgNo>
		<APDU>05 44 04 03 14 00 22 00 00 00 00 {DUT1_16BITAdd} {DUT1_16BITAdd_ExtDL} {DUT1_EUI64Add} 00 0C</APDU>
	</MSG>

	<MSG policy="nomatchdrop">
		<Wait timeout="30">
			
			<Match type="RX_CFG" layer="APP" offset="0" size="4">8544</Match>
			<Match type="RX_CFG" layer="APP" offset="8" size="2">00</Match>
		</Wait>
		<Description>Add DUT as Route to D-BBR in D-BBR</Description>
		<RFNode>RF_test_point1</RFNode>
		<Type>TX_CFG</Type>
		<MsgNo>4</MsgNo>
		<APDU>05 44 05 03 0F 00 2C 00 00 00 00 00 06 0C 18 03 {DUT1_16BITAdd} {DUT1_16BITAdd}</APDU>
	</MSG>

	<MSG policy="nomatchdrop">
		<Wait timeout="30">
			<Match type="RX_CFG" layer="APP" offset="0" size="4">8544</Match>
			<Match type="RX_CFG" layer="APP" offset="8" size="2">00</Match>
		</Wait>
		<Description>Create TX link in D-BBR with the same offset as Tx Join Response link but with higher priority</Description>
		<RFNode>RF_test_point1</RFNode>
		<Type>TX_CFG</Type>
		<MsgNo>5</MsgNo>
		<APDU>05 44 06 03 11 002A 00000000 000408 04 80 04 41 {DUT1_16BITAdd_ExtDL} 04 0F</APDU>
	</MSG>

	<MSG policy="nomatchdrop">
		<Wait timeout="30">
			<Match type="RX_CFG" layer="APP" offset="0" size="4">8544</Match>
			<Match type="RX_CFG" layer="APP" offset="8" size="2">00</Match>
		</Wait>
		<Description>Create NLMO - ATT table for joining DUT in D-BBR</Description>
		<RFNode>RF_test_point1</RFNode>
		<Type>TX_CFG</Type>
		<MsgNo>7</MsgNo>
		<APDU>05 45 08 07 28 00 09 00 00 00 00 {DUT1_IPV6Add} {DUT1_IPV6Add} {DUT1_16BITAdd}</APDU>
	</MSG>

	<MSG policy="nomatchdrop">
		<Wait timeout="30">
			<Match type="RX_CFG" layer="APP" offset="0" size="4">8554</Match>
			<Match type="RX_CFG" layer="APP" offset="8" size="2">00</Match>
		</Wait>
		<Modify>
			<Copy size="26">
				<Src id="ContractJoinReq" layer="APP" offset="0" />
				<Dst layer="OrigAPP" offset="0" />
			</Copy>
			<Copy size="2">
				<Src id="ContractJoinReq" layer="APP" offset="4" />
				<Dst layer="APP" offset="4" />
			</Copy>
		</Modify>
		<Description>D-BBR will send DMO.Proxy_System-Manager-Contract Response Message </Description>
		<RFNode>RF_test_point1</RFNode>
		<Type>TX_RSP</Type>
		<MsgNo>8</MsgNo>
		<APDU>8511xx CD 00 1C 00 0E 00 62 00 01 00 01 00 00 {BBR1_IPV6Add_PORT} 40 00</APDU>
		<TLEncrypt>0</TLEncrypt>
		<Priority>0</Priority>
		<DiscardEligible>1</DiscardEligible>
		<ECN>1</ECN>
		<IPv6Src addr="{BBR1_IPV6Add}" port="61616" />
		<IPv6Dst addr="{DUT1_IPV6Add}" port="61616" />
		<ContractID>1</ContractID>
		<UDPCompression>239</UDPCompression>
		<NLHdr>7D77</NLHdr>
		<LinkMsg>2</LinkMsg>
		<DLLHdr>{DUT1_EUI64Add}</DLLHdr>
		<OrigAPDU>0511xx04084202030405060B40</OrigAPDU>
		<OrigTL>" "</OrigTL>
		<OrigNL>7D77</OrigNL>
		<OrigDL>" "</OrigDL>
	</MSG>

	<MSG policy="nomatchdrop|nosend">
		<Wait timeout="30">
			<Match type="RX_RF" layer="APP" offset="0" size="4">0516</Match>
			<Match type="RX_RF" layer="APP" offset="6" size="4">0210</Match>
		</Wait>
		<Modify>
			<Save id="SecurityJoinConfirmReq" />
		</Modify>
		<Description>DUT will send PSMO.Security_Confirm.Request Message</Description>
		<RFNode>RF_test_point1</RFNode>
		<Type>TX_RF</Type>
		<MsgNo>9</MsgNo>
		<APDU>""</APDU>
		<TLEncrypt>0</TLEncrypt>
		<Priority>0</Priority>
		<DiscardEligible>1</DiscardEligible>
		<ECN>1</ECN>
		<IPv6Src addr="{SS_IPV6Add_PORT}" port="61617" />
		<IPv6Dst addr="{DUT1_IPV6Add}" port="61616" />
		<ContractID>1</ContractID>
		<UDPCompression>239</UDPCompression>
		<NLHdr>7D77</NLHdr>
		<LinkMsg>9</LinkMsg>
		<DLLHdr>" "</DLLHdr>
	</MSG>
		
	<MSG policy="norecv">
		
		<Modify>
			<Copy size="42">
				<Src id="SecurityJoinConfirmReq" layer="APP" offset="0" />
				<Dst layer="OrigAPP" offset="0" />
			</Copy>
			<Copy size="2">
				<Src id="SecurityJoinConfirmReq" layer="APP" offset="4" />
				<Dst layer="APP" offset="4" />
			</Copy>
		</Modify>
		<Description>SS will send PSMO.Security_Confirm.Response Security Confirmation</Description>
		<RFNode>RF_test_point1</RFNode>
		<Type>TX_RSP</Type>
		<MsgNo>14</MsgNo>
		<APDU>8561xx CD 00 00</APDU>
		<TLEncrypt>0</TLEncrypt>
		<Priority>0</Priority>
		<DiscardEligible>1</DiscardEligible>
		<ECN>1</ECN>
		<IPv6Src addr="{SS_IPV6Add_PORT}" port="61617" />
		<IPv6Dst addr="{DUT1_IPV6Add}" port="61616" />
		<ContractID>1</ContractID>
		<UDPCompression>239</UDPCompression>
		<NLHdr>7D77</NLHdr>
		<LinkMsg>8</LinkMsg>
		<DLLHdr>" "</DLLHdr>
		<OrigAPDU>0516xx02100451B78A1466047BED1A74399908F9A0</OrigAPDU>
		<OrigTL>" "</OrigTL>
		<OrigNL>7D77</OrigNL>
		<OrigDL>" "</OrigDL>
	</MSG>
	
	<MSG policy="wait|nosend">
		<Wait timeout="10">
			<Match type="RX_RF" layer="APP" offset="0" size="4">0000</Match>
			<Match type="RX_RF" layer="APP" offset="8" size="2">00</Match>
		</Wait>
		<Description>Wait for 10 sec to observe DLL ACK message</Description>
		<RFNode>RF_test_point1</RFNode>
		<Type>TX_RF</Type>
		<MsgNo>13</MsgNo>
		<APDU>"" </APDU>		
		<TLEncrypt>0</TLEncrypt>
		<Priority>0</Priority>
		<DiscardEligible>1</DiscardEligible>
		<ECN>1</ECN>
		<IPv6Src addr="{SS_IPV6Add_PORT}" port="61617" />
		<IPv6Dst addr="{DUT1_IPV6Add}" port="61616" />
		<ContractID>1</ContractID>
		<UDPCompression>239</UDPCompression>
		<NLHdr>7D77</NLHdr>
		<LinkMsg>13</LinkMsg>
		<DLLHdr>" "</DLLHdr>
	</MSG>

		
</MsgList>
