<?xml version="1.0" encoding="us-ascii"?>
<MsgList>

	<MSG policy="norecv">
		<Description>Provide DPO DL Config Information to DUT</Description>
		<RFNode>RF_test_point1</RFNode>
		<Type>TX_RF</Type>
		<MsgNo>1</MsgNo>
		<APDU>04 99 01 11 17 02 250228E00600000BB80000FA 2A060240068800006F17 </APDU>
		<TLEncrypt>0</TLEncrypt>
		<Priority>0</Priority>
		<DiscardEligible>1</DiscardEligible>
		<ECN>1</ECN>
		<IPv6Src addr="{SS_IPV6Add_PORT}" port="61617" />
		<IPv6Dst addr="{DUT1_IPV6Add}" port="61616" />
		<ContractID>1</ContractID>
		<UDPCompression>239</UDPCompression>
		<NLHdr>7D77</NLHdr>
		<LinkMsg>1</LinkMsg>
		<DLLHdr>" "</DLLHdr>
	</MSG>

	<MSG policy="nomatchdrop">
		<Wait timeout="30">
			<Match type="RX_RF" layer="APP" offset="0" size="6">849901</Match>
			<Match type="RX_RF" layer="APP" offset="8" size="2">00</Match>
		</Wait>
		<Description>Provide Security Manager EUI64 address to DUT</Description>
		<RFNode>RF_test_point1</RFNode>
		<Type>TX_RF</Type>
		<MsgNo>2</MsgNo>
		<APDU>04 99 02 0E 08 000000000A1000A0</APDU>
		<TLEncrypt>0</TLEncrypt>
		<Priority>0</Priority>
		<DiscardEligible>1</DiscardEligible>
		<ECN>1</ECN>
		<IPv6Src addr="{SS_IPV6Add_PORT}" port="61617" />
		<IPv6Dst addr="{DUT1_IPV6Add}" port="61616" />
		<ContractID>1</ContractID>
		<UDPCompression>239</UDPCompression>
		<NLHdr>7D77</NLHdr>
		<LinkMsg>9</LinkMsg>
		<DLLHdr>" "</DLLHdr>
	</MSG>

	<MSG policy="nomatchdrop">
		<Wait timeout="30">
			<Match type="RX_RF" layer="APP" offset="0" size="6">849902</Match>
			<Match type="RX_RF" layer="APP" offset="8" size="2">00</Match>
		</Wait>
		<Description>Provide SystemManger Join Key</Description>
		<RFNode>RF_test_point1</RFNode>
		<Type>TX_RF</Type>
		<MsgNo>3</MsgNo>
		<APDU>05 99 03 02 11 C1C2C3C4C5C6C7C8C9CACBCCCDCECFC000</APDU>
		<TLEncrypt>0</TLEncrypt>
		<Priority>0</Priority>
		<DiscardEligible>1</DiscardEligible>
		<ECN>1</ECN>
		<IPv6Src addr="{SS_IPV6Add_PORT}" port="61617" />
		<IPv6Dst addr="{DUT1_IPV6Add}" port="61616" />
		<ContractID>1</ContractID>
		<UDPCompression>239</UDPCompression>
		<NLHdr>7D77</NLHdr>
		<LinkMsg>9</LinkMsg>
		<DLLHdr>" "</DLLHdr>
	</MSG>

	<MSG policy="nomatchdrop">
		<Wait timeout="30">
			<Match type="RX_RF" layer="APP" offset="0" size="6">859903</Match>
			<Match type="RX_RF" layer="APP" offset="8" size="2">00</Match>
		</Wait>
		<Description>Provide Current UTC Adjustment value</Description>
		<RFNode>RF_test_point1</RFNode>
		<Type>TX_RF</Type>
		<MsgNo>4</MsgNo>
		<APDU>04 99 04 15 02 {UTC_Adjustment}</APDU>
		<TLEncrypt>0</TLEncrypt>
		<Priority>0</Priority>
		<DiscardEligible>1</DiscardEligible>
		<ECN>1</ECN>
		<IPv6Src addr="{SS_IPV6Add_PORT}" port="61617" />
		<IPv6Dst addr="{DUT1_IPV6Add}" port="61616" />
		<ContractID>1</ContractID>
		<UDPCompression>239</UDPCompression>
		<NLHdr>7D77</NLHdr>
		<LinkMsg>9</LinkMsg>
		<DLLHdr>" "</DLLHdr>
	</MSG>


      <MSG policy="nomatchdrop">
		<Wait timeout="30">
			<Match type="RX_RF" layer="APP" offset="0" size="6">849904</Match>
			<Match type="RX_RF" layer="APP" offset="8" size="2">00</Match>
		</Wait>
		<Description>Provide DPO Network Bitmask</Description>
		<RFNode>RF_test_point1</RFNode>
		<Type>TX_RF</Type>
		<MsgNo>5</MsgNo>
		<APDU>04 99 05 0C 02 FFFF</APDU>
		<TLEncrypt>0</TLEncrypt>
		<Priority>0</Priority>
		<DiscardEligible>1</DiscardEligible>
		<ECN>1</ECN>
		<IPv6Src addr="{SS_IPV6Add_PORT}" port="61617" />
		<IPv6Dst addr="{DUT1_IPV6Add}" port="61616" />
		<ContractID>1</ContractID>
		<UDPCompression>239</UDPCompression>
		<NLHdr>7D77</NLHdr>
		<LinkMsg>9</LinkMsg>
		<DLLHdr>" "</DLLHdr>
	</MSG>

      <MSG policy="nomatchdrop">
		<Wait timeout="30">
			<Match type="RX_RF" layer="APP" offset="0" size="6">849905</Match>
			<Match type="RX_RF" layer="APP" offset="8" size="2">00</Match>
		</Wait>
		<Description>Provide DPO Network ID to Join Network</Description>
		<RFNode>RF_test_point1</RFNode>
		<Type>TX_RF</Type>
		<MsgNo>06</MsgNo>
		<APDU>04 99 06 0B 02 {Subnet}</APDU>
		<TLEncrypt>0</TLEncrypt>
		<Priority>0</Priority>
		<DiscardEligible>1</DiscardEligible>
		<ECN>1</ECN>
		<IPv6Src addr="{SS_IPV6Add_PORT}" port="61617" />
		<IPv6Dst addr="{DUT1_IPV6Add}" port="61616" />
		<ContractID>1</ContractID>
		<UDPCompression>239</UDPCompression>
		<NLHdr>7D77</NLHdr>
		<LinkMsg>9</LinkMsg>
		<DLLHdr>" "</DLLHdr>
	</MSG>
	<MSG policy="nomatchdrop">
		<Wait timeout="30">
			<Match type="RX_RF" layer="APP" offset="0" size="6">849906</Match>
			<Match type="RX_RF" layer="APP" offset="8" size="2">00</Match>
		</Wait>
		<Description>Provide DMO Join Command with value 3 </Description>
		<RFNode>RF_test_point1</RFNode>
		<Type>TX_RF</Type>
		<MsgNo>06</MsgNo>
		<APDU>04 91 07 0D 01 03</APDU>
		<TLEncrypt>0</TLEncrypt>
		<Priority>0</Priority>
		<DiscardEligible>1</DiscardEligible>
		<ECN>1</ECN>
		<IPv6Src addr="{SS_IPV6Add_PORT}" port="61617" />
		<IPv6Dst addr="{DUT1_IPV6Add}" port="61616" />
		<ContractID>1</ContractID>
		<UDPCompression>239</UDPCompression>
		<NLHdr>7D77</NLHdr>
		<LinkMsg>9</LinkMsg>
		<DLLHdr>" "</DLLHdr>
	</MSG>

      <MSG policy="nosend|wait">
		<Wait timeout="10">
			<Match type="RX_RF" layer="APP" offset="0" size="6">841907</Match>
			<Match type="RX_RF" layer="APP" offset="8" size="2">00</Match>
		</Wait>
		<Description>End</Description>
		<RFNode>RF_test_point1</RFNode>
		<Type>TX_RF</Type>
		<MsgNo>11</MsgNo>
		<APDU>" "</APDU>
		<TLEncrypt>0</TLEncrypt>
		<Priority>0</Priority>
		<DiscardEligible>1</DiscardEligible>
		<ECN>1</ECN>
		<IPv6Src addr="{SS_IPV6Add_PORT}" port="61617" />
		<IPv6Dst addr="{DUT1_IPV6Add}" port="61616" />
		<ContractID>1</ContractID>
		<UDPCompression>239</UDPCompression>
		<NLHdr>7D77</NLHdr>
		<LinkMsg>20</LinkMsg>
		<DLLHdr>""</DLLHdr>
	</MSG>

</MsgList>
