<?xml version="1.0" encoding="us-ascii"?>
<MsgList>
	 <MSG policy="norecv">
                 <Description>Provide SubnetID of D-BBR to 0x0005</Description>
                <RFNode>RF_test_point1</RFNode>
                <Type>TX_CFG</Type>
                <MsgNo>01</MsgNo>
                <APDU>24 04 81 01 02 02 {Subnet}</APDU>
        </MSG>
	<MSG policy="nomatchdrop">
		<Wait timeout="30">
			<Match type="RX_CFG" layer="APP" offset="0" size="4">A481</Match>
			<Match type="RX_CFG" layer="APP" offset="10" size="2">00</Match>
		</Wait>
		<Description>Provide TargetID of D-BBR to 0x0005</Description>
		<RFNode>RF_test_point1</RFNode>
		<Type>TX_CFG</Type>
		<MsgNo>18</MsgNo>
		<APDU>24 04 81 01 04 02 {Subnet}</APDU>
	</MSG>

	<MSG policy="nomatchdrop">
		<Wait timeout="30">
			<Match type="RX_CFG" layer="APP" offset="0" size="4">A481</Match>
			<Match type="RX_CFG" layer="APP" offset="10" size="2">00</Match>
		</Wait>
		<Description>Provide Join key provided to the DUT during Provisioning </Description>
		<RFNode>RF_test_point1</RFNode>
		<Type>TX_CFG</Type>
		<MsgNo>18</MsgNo>
		<APDU>24 04 81 01 05 10 c1c2c3c4c5c6c7c8c9cacbcccdcecfc0</APDU>
	</MSG>

	
	<MSG policy="nomatchdrop">
		<Wait timeout="30">
			<Match type="RX_CFG" layer="APP" offset="0" size="4">A481</Match>
			<Match type="RX_CFG" layer="APP" offset="10" size="2">00</Match>
		</Wait>
		<Description>Provide Security Manager EUI64 provided to the DUT  during Provisioning</Description>
		<RFNode>RF_test_point1</RFNode>
		<Type>TX_CFG</Type>
		<MsgNo>18</MsgNo>
		<APDU>24 04 81 01 08 08 000000000A1000A0</APDU>
	</MSG>
	<MSG policy="nosend|nomatchdrop">
		<Wait timeout="30">
			<Match type="RX_CFG" layer="APP" offset="0" size="4">A481</Match>
			<Match type="RX_CFG" layer="APP" offset="10" size="2">00</Match>
		</Wait>
		<Description>BBR config end</Description>
		<RFNode>RF_test_point1</RFNode>
		<Type>TX_CFG</Type>
		<MsgNo>18</MsgNo>
		<APDU>" "</APDU>
	</MSG>




</MsgList>
